<ImportExportXml version="9.2.22031.140" SolutionPackageVersion="9.2" languagecode="1033" generatedBy="CrmLive" xmlns:xsi="http://www.w3.org/2001/XMLSchema-instance">
  <SolutionManifest>
    <UniqueName>LivePluginRegistration</UniqueName>
    <LocalizedNames>
      <LocalizedName description="LivePluginRegistration" languagecode="1033" />
    </LocalizedNames>
    <Descriptions />
    <Version>3.0.0.1</Version>
    <Managed>0</Managed>
    <Publisher>
      <UniqueName>mariuswodtke</UniqueName>
      <LocalizedNames>
        <LocalizedName description="mariuswodtke" languagecode="1033" />
      </LocalizedNames>
      <Descriptions>
        <Description description="mariuswodtke" languagecode="1033" />
      </Descriptions>
      <EMailAddress xsi:nil="true"></EMailAddress>
      <SupportingWebsiteUrl>https://github.com/Kunter-Bunt</SupportingWebsiteUrl>
      <CustomizationPrefix>mwo</CustomizationPrefix>
      <CustomizationOptionValuePrefix>48129</CustomizationOptionValuePrefix>
      <Addresses>
        <Address>
          <AddressNumber>1</AddressNumber>
          <AddressTypeCode>1</AddressTypeCode>
          <City xsi:nil="true"></City>
          <County xsi:nil="true"></County>
          <Country xsi:nil="true"></Country>
          <Fax xsi:nil="true"></Fax>
          <FreightTermsCode xsi:nil="true"></FreightTermsCode>
          <ImportSequenceNumber xsi:nil="true"></ImportSequenceNumber>
          <Latitude xsi:nil="true"></Latitude>
          <Line1 xsi:nil="true"></Line1>
          <Line2 xsi:nil="true"></Line2>
          <Line3 xsi:nil="true"></Line3>
          <Longitude xsi:nil="true"></Longitude>
          <Name xsi:nil="true"></Name>
          <PostalCode xsi:nil="true"></PostalCode>
          <PostOfficeBox xsi:nil="true"></PostOfficeBox>
          <PrimaryContactName xsi:nil="true"></PrimaryContactName>
          <ShippingMethodCode>1</ShippingMethodCode>
          <StateOrProvince xsi:nil="true"></StateOrProvince>
          <Telephone1 xsi:nil="true"></Telephone1>
          <Telephone2 xsi:nil="true"></Telephone2>
          <Telephone3 xsi:nil="true"></Telephone3>
          <TimeZoneRuleVersionNumber xsi:nil="true"></TimeZoneRuleVersionNumber>
          <UPSZone xsi:nil="true"></UPSZone>
          <UTCOffset xsi:nil="true"></UTCOffset>
          <UTCConversionTimeZoneCode xsi:nil="true"></UTCConversionTimeZoneCode>
        </Address>
        <Address>
          <AddressNumber>2</AddressNumber>
          <AddressTypeCode>1</AddressTypeCode>
          <City xsi:nil="true"></City>
          <County xsi:nil="true"></County>
          <Country xsi:nil="true"></Country>
          <Fax xsi:nil="true"></Fax>
          <FreightTermsCode xsi:nil="true"></FreightTermsCode>
          <ImportSequenceNumber xsi:nil="true"></ImportSequenceNumber>
          <Latitude xsi:nil="true"></Latitude>
          <Line1 xsi:nil="true"></Line1>
          <Line2 xsi:nil="true"></Line2>
          <Line3 xsi:nil="true"></Line3>
          <Longitude xsi:nil="true"></Longitude>
          <Name xsi:nil="true"></Name>
          <PostalCode xsi:nil="true"></PostalCode>
          <PostOfficeBox xsi:nil="true"></PostOfficeBox>
          <PrimaryContactName xsi:nil="true"></PrimaryContactName>
          <ShippingMethodCode>1</ShippingMethodCode>
          <StateOrProvince xsi:nil="true"></StateOrProvince>
          <Telephone1 xsi:nil="true"></Telephone1>
          <Telephone2 xsi:nil="true"></Telephone2>
          <Telephone3 xsi:nil="true"></Telephone3>
          <TimeZoneRuleVersionNumber xsi:nil="true"></TimeZoneRuleVersionNumber>
          <UPSZone xsi:nil="true"></UPSZone>
          <UTCOffset xsi:nil="true"></UTCOffset>
          <UTCConversionTimeZoneCode xsi:nil="true"></UTCConversionTimeZoneCode>
        </Address>
      </Addresses>
    </Publisher>
    <RootComponents>
      <RootComponent type="1" schemaName="mwo_pluginstepregistration" behavior="0" />
      <RootComponent type="9" schemaName="mwo_eventhandlertype" behavior="0" />
      <RootComponent type="9" schemaName="mwo_imagetype" behavior="0" />
      <RootComponent type="9" schemaName="mwo_pluginstage" behavior="0" />
      <RootComponent type="29" id="{001be1c2-b9bf-ea11-a812-000d3a24c29d}" behavior="0" />
      <RootComponent type="29" id="{36c71443-c6b3-ea11-a812-000d3a24cf98}" behavior="0" />
      <RootComponent type="29" id="{8eff40fe-c4b3-ea11-a812-000d3a24cf98}" behavior="0" />
      <RootComponent type="29" id="{d478ef61-c5b3-ea11-a812-000d3a24cf98}" behavior="0" />
      <RootComponent type="91" id="{68833075-b6b3-ea11-a812-000d3a24cf98}" schemaName="mwo.LiveRegistration.Plugins, Version=1.0.0.0, Culture=neutral, PublicKeyToken=f930ac74fdf04bf6" behavior="0" />
      <RootComponent type="92" id="{c4196037-4bc0-ea11-a812-000d3a24cf98}" behavior="0" />
      <RootComponent type="92" id="{da17f41c-4bc0-ea11-a812-000d3a24cf98}" behavior="0" />
      <RootComponent type="92" id="{dd17f41c-4bc0-ea11-a812-000d3a24cf98}" behavior="0" />
    </RootComponents>
    <MissingDependencies>
      <MissingDependency>
        <Required type="1" schemaName="mwo_sharepointfoldercreation" displayName="Sharepoint Folder Creation" solution="Active" />
        <Dependent type="1" schemaName="mwo_pluginstepregistration" displayName="Plugin Step Registration" />
      </MissingDependency>
    </MissingDependencies>
  </SolutionManifest>
</ImportExportXml>